USE `focal_glow_db`;


/*features Data*/

INSERT INTO features (name,type,price) value ('2700K','cct',0);
INSERT INTO features (name,type,price) value ('3000K','cct',0);
INSERT INTO features (name,type,price) value ('3500K','cct',0);
INSERT INTO features (name,type,price) value ('4000K','cct',0);
INSERT INTO features (name,type,price) value ('Switch','dim',0);
INSERT INTO features (name,type,price) value ('Dimeable','dim',500);
INSERT INTO features (name,type,price) value ('DALI','dim',1000);
INSERT INTO features (name,type,price) value ('Bluetooth','dim',2000);
INSERT INTO features (name,type,price) value ('Aluminio','material',1000);
INSERT INTO features (name,type,price) value ('Chapa','material',0);
INSERT INTO features (name,type,price) value ('Madera','material',500);
INSERT INTO features (name,type,price) value ('Hierro','material',750);
INSERT INTO features (name,type,price) value ('Spot','optic',0);
INSERT INTO features (name,type,price) value ('Flood','optic',0);
INSERT INTO features (name,type,price) value ('Wideflood','optic',0);
INSERT INTO features (name,type,price) value ('Ovalflood','optic',0);
INSERT INTO features (name,type,price) value ('1W','power',0);
INSERT INTO features (name,type,price) value ('2W','power',0);
INSERT INTO features (name,type,price) value ('3W','power',0);
INSERT INTO features (name,type,price) value ('4W','power',0);
INSERT INTO features (name,type,price) value ('5W','power',0);
INSERT INTO features (name,type,price) value ('6W','power',0);
INSERT INTO features (name,type,price) value ('7W','power',0);
INSERT INTO features (name,type,price) value ('8W','power',0);
INSERT INTO features (name,type,price) value ('9W','power',0);
INSERT INTO features (name,type,price) value ('10W','power',0);
INSERT INTO features (name,type,price) value ('11W','power',100);
INSERT INTO features (name,type,price) value ('12W','power',100);
INSERT INTO features (name,type,price) value ('13W','power',100);
INSERT INTO features (name,type,price) value ('14W','power',100);
INSERT INTO features (name,type,price) value ('15W','power',100);
INSERT INTO features (name,type,price) value ('16W','power',100);
INSERT INTO features (name,type,price) value ('17W','power',100);
INSERT INTO features (name,type,price) value ('18W','power',100);
INSERT INTO features (name,type,price) value ('19W','power',100);
INSERT INTO features (name,type,price) value ('20W','power',100);
INSERT INTO features (name,type,price) value ('21W','power',200);
INSERT INTO features (name,type,price) value ('22W','power',200);
INSERT INTO features (name,type,price) value ('23W','power',200);
INSERT INTO features (name,type,price) value ('24W','power',200);
INSERT INTO features (name,type,price) value ('25W','power',200);
INSERT INTO features (name,type,price) value ('26W','power',200);
INSERT INTO features (name,type,price) value ('27W','power',200);
INSERT INTO features (name,type,price) value ('28W','power',200);
INSERT INTO features (name,type,price) value ('29W','power',200);
INSERT INTO features (name,type,price) value ('30W','power',200);
INSERT INTO features (name,type,price) value ('31W','power',300);
INSERT INTO features (name,type,price) value ('32W','power',300);
INSERT INTO features (name,type,price) value ('33W','power',300);
INSERT INTO features (name,type,price) value ('34W','power',300);
INSERT INTO features (name,type,price) value ('35W','power',300);
INSERT INTO features (name,type,price) value ('36W','power',300);
INSERT INTO features (name,type,price) value ('37W','power',300);
INSERT INTO features (name,type,price) value ('38W','power',300);
INSERT INTO features (name,type,price) value ('39W','power',300);
INSERT INTO features (name,type,price) value ('40W','power',300);
INSERT INTO features (name,type,price) value ('41W','power',400);
INSERT INTO features (name,type,price) value ('42W','power',400);
INSERT INTO features (name,type,price) value ('43W','power',400);
INSERT INTO features (name,type,price) value ('44W','power',400);
INSERT INTO features (name,type,price) value ('45W','power',400);
INSERT INTO features (name,type,price) value ('46W','power',400);
INSERT INTO features (name,type,price) value ('47W','power',400);
INSERT INTO features (name,type,price) value ('48W','power',400);
INSERT INTO features (name,type,price) value ('49W','power',400);
INSERT INTO features (name,type,price) value ('50W','power',400);
INSERT INTO features (name,type,price) value ('51W','power',500);
INSERT INTO features (name,type,price) value ('52W','power',500);
INSERT INTO features (name,type,price) value ('53W','power',500);
INSERT INTO features (name,type,price) value ('54W','power',500);
INSERT INTO features (name,type,price) value ('55W','power',500);
INSERT INTO features (name,type,price) value ('56W','power',500);
INSERT INTO features (name,type,price) value ('57W','power',500);
INSERT INTO features (name,type,price) value ('58W','power',500);
INSERT INTO features (name,type,price) value ('59W','power',500);
INSERT INTO features (name,type,price) value ('60W','power',500);
INSERT INTO features (name,type,price) value ('61W','power',600);
INSERT INTO features (name,type,price) value ('62W','power',600);
INSERT INTO features (name,type,price) value ('63W','power',600);
INSERT INTO features (name,type,price) value ('64W','power',600);
INSERT INTO features (name,type,price) value ('65W','power',600);
INSERT INTO features (name,type,price) value ('66W','power',600);
INSERT INTO features (name,type,price) value ('67W','power',600);
INSERT INTO features (name,type,price) value ('68W','power',600);
INSERT INTO features (name,type,price) value ('69W','power',600);
INSERT INTO features (name,type,price) value ('70W','power',600);
INSERT INTO features (name,type,price) value ('71W','power',700);
INSERT INTO features (name,type,price) value ('72W','power',700);
INSERT INTO features (name,type,price) value ('73W','power',700);
INSERT INTO features (name,type,price) value ('74W','power',700);
INSERT INTO features (name,type,price) value ('75W','power',700);
INSERT INTO features (name,type,price) value ('76W','power',700);
INSERT INTO features (name,type,price) value ('77W','power',700);
INSERT INTO features (name,type,price) value ('78W','power',700);
INSERT INTO features (name,type,price) value ('79W','power',700);
INSERT INTO features (name,type,price) value ('80W','power',700);
INSERT INTO features (name,type,price) value ('81W','power',800);
INSERT INTO features (name,type,price) value ('82W','power',800);
INSERT INTO features (name,type,price) value ('83W','power',800);
INSERT INTO features (name,type,price) value ('84W','power',800);
INSERT INTO features (name,type,price) value ('85W','power',800);
INSERT INTO features (name,type,price) value ('86W','power',800);
INSERT INTO features (name,type,price) value ('87W','power',800);
INSERT INTO features (name,type,price) value ('88W','power',800);
INSERT INTO features (name,type,price) value ('89W','power',800);
INSERT INTO features (name,type,price) value ('90W','power',800);
INSERT INTO features (name,type,price) value ('91W','power',900);
INSERT INTO features (name,type,price) value ('92W','power',900);
INSERT INTO features (name,type,price) value ('93W','power',900);
INSERT INTO features (name,type,price) value ('94W','power',900);
INSERT INTO features (name,type,price) value ('95W','power',900);
INSERT INTO features (name,type,price) value ('96W','power',900);
INSERT INTO features (name,type,price) value ('97W','power',900);
INSERT INTO features (name,type,price) value ('98W','power',900);
INSERT INTO features (name,type,price) value ('99W','power',900);
INSERT INTO features (name,type,price) value ('100W','power',900);
INSERT INTO features (name,type,price) value ('LED','source',1000);
INSERT INTO features (name,type,price) value ('Lámpara','source',0);

/*users data */

insert into users (id, first_name, last_name, email, password, address, phone, profile_img, role) values (1, 'Wildon', 'Pelham', 'wpelham0@skype.com', '72firrQCxAUE', null, null, 'profile.jpg', null);
insert into users (id, first_name, last_name, email, password, address, phone, profile_img, role) values (2, 'Nananne', 'Free', 'nfree1@admin.ch', 'gienuZ05', '2 3rd Pass', '627 856 6454', 'profile.jpg', null);
insert into users (id, first_name, last_name, email, password, address, phone, profile_img, role) values (3, 'Padget', 'Jewise', 'pjewise2@cyberchimps.com', 'nGFVEH', null, null, 'profile.jpg', null);
insert into users (id, first_name, last_name, email, password, address, phone, profile_img, role) values (4, 'Kelci', 'Lewtey', 'klewtey3@cam.ac.uk', '9tjzn7yL', '3 Surrey Alley', '646 172 0433', 'profile.jpg', null);
insert into users (id, first_name, last_name, email, password, address, phone, profile_img, role) values (5, 'Odille', 'Petrushanko', 'opetrushanko4@dedecms.com', 'mGwzBY0LL67V', '795 Mifflin Road', '923 649 8466', 'profile.jpg', null);
insert into users (id, first_name, last_name, email, password, address, phone, profile_img, role) values (6, 'Melisande', 'Cuzen', 'mcuzen5@ebay.co.uk', 'sdEElD0', '7136 Debra Point', '525 323 9396', 'profile.jpg', null);
insert into users (id, first_name, last_name, email, password, address, phone, profile_img, role) values (7, 'Vallie', 'Divis', 'vdivis6@histats.com', '4ZROfze', '454 Lillian Plaza', '997 190 8857', 'profile.jpg', null);
insert into users (id, first_name, last_name, email, password, address, phone, profile_img, role) values (8, 'Laryssa', 'Mongain', 'lmongain7@issuu.com', 'LrHHbjTCO', '05071 Anthes Street', '773 225 7372', 'profile.jpg', null);
insert into users (id, first_name, last_name, email, password, address, phone, profile_img, role) values (9, 'Willi', 'Sorey', 'wsorey8@privacy.gov.au', 'mW5CNGB', null, null, 'profile.jpg', null);
insert into users (id, first_name, last_name, email, password, address, phone, profile_img, role) values (10, 'Bil', 'Carriage', 'bcarriage9@typepad.com', 'tFQ5Bn', '24917 Clyde Gallagher Road', '996 256 5204', 'profile.jpg', null);
insert into users (id, first_name, last_name, email, password, address, phone, profile_img, role) values (11, 'Munmro', 'Rapport', 'mrapporta@bbb.org', 'pd1S4zvs', '9 Cardinal Court', '290 309 9954', 'profile.jpg', null);
insert into users (id, first_name, last_name, email, password, address, phone, profile_img, role) values (12, 'Delaney', 'Eglinton', 'deglintonb@uiuc.edu', 'e8GbsFj6', '18 Anniversary Drive', '487 413 1268', 'profile.jpg', null);
insert into users (id, first_name, last_name, email, password, address, phone, profile_img, role) values (13, 'Ursulina', 'Carlow', 'ucarlowc@parallels.com', 'hekGPIRmA', null, null, 'profile.jpg', null);
insert into users (id, first_name, last_name, email, password, address, phone, profile_img, role) values (14, 'Liza', 'Tyt', 'ltytd@rediff.com', 'qIKxpFDr', '218 Calypso Point', '295 393 2982', 'profile.jpg', null);
insert into users (id, first_name, last_name, email, password, address, phone, profile_img, role) values (15, 'Barthel', 'St. Paul', 'bstpaule@wired.com', 'WXCPvev77Yy', null, null, 'profile.jpg', null);
insert into users (id, first_name, last_name, email, password, address, phone, profile_img, role) values (16, 'Georgette', 'Lathwood', 'glathwoodf@paypal.com', 'Tiwys4VCfIg', '0915 Hayes Drive', '463 922 8350', 'profile.jpg', null);
insert into users (id, first_name, last_name, email, password, address, phone, profile_img, role) values (17, 'Krystalle', 'Hegge', 'kheggeg@skype.com', 'r6RRNzdZMG', null, null, 'profile.jpg', null);
insert into users (id, first_name, last_name, email, password, address, phone, profile_img, role) values (18, 'Eddie', 'Pontefract', 'epontefracth@cargocollective.com', 'L82HkA', null, null, 'profile.jpg', null);
insert into users (id, first_name, last_name, email, password, address, phone, profile_img, role) values (19, 'Bernardina', 'Eames', 'beamesi@seattletimes.com', 'vGcdZIe', '1 Redwing Alley', '848 344 5579', 'profile.jpg', null);
insert into users (id, first_name, last_name, email, password, address, phone, profile_img, role) values (20, 'Roderick', 'Rimell', 'rrimellj@ning.com', 'pfkawN1', null, null, 'profile.jpg', null);
insert into users (id, first_name, last_name, email, password, address, phone, profile_img, role) values (21, 'Antoinette', 'Napthine', 'anapthinek@flavors.me', 'upQhXTGj', null, null, 'profile.jpg', null);
insert into users (id, first_name, last_name, email, password, address, phone, profile_img, role) values (22, 'Codi', 'Riehm', 'criehml@sina.com.cn', 'gC11IdlkEr', '85 Prairieview Court', '882 392 7964', 'profile.jpg', null);
insert into users (id, first_name, last_name, email, password, address, phone, profile_img, role) values (23, 'Hallsy', 'Kopfen', 'hkopfenm@usa.gov', '4lrk8ly1o', null, null, 'profile.jpg', null);
insert into users (id, first_name, last_name, email, password, address, phone, profile_img, role) values (24, 'Brittni', 'Balle', 'bballen@angelfire.com', '0uDKrGbevQR', '117 Amoth Place', '824 150 0500', 'profile.jpg', null);
insert into users (id, first_name, last_name, email, password, address, phone, profile_img, role) values (25, 'Karleen', 'Dudding', 'kduddingo@eventbrite.com', 'uHlm9U6', '962 Straubel Park', '124 897 3189', 'profile.jpg', null);
insert into users (id, first_name, last_name, email, password, address, phone, profile_img, role) values (26, 'Allianora', 'Ricart', 'aricartp@sohu.com', 'SvcvGab', '68 Jenna Road', '361 240 4363', 'profile.jpg', null);
insert into users (id, first_name, last_name, email, password, address, phone, profile_img, role) values (27, 'Tabbi', 'Longstaffe', 'tlongstaffeq@narod.ru', 'Vdb3LQS', null, null, 'profile.jpg', null);
insert into users (id, first_name, last_name, email, password, address, phone, profile_img, role) values (28, 'Philippe', 'Levey', 'pleveyr@github.com', 'BR3xUjNWt', null, null, 'profile.jpg', null);
insert into users (id, first_name, last_name, email, password, address, phone, profile_img, role) values (29, 'Janeta', 'Cinavas', 'jcinavass@chicagotribune.com', 'l5WF0vNBwX', '985 Warbler Trail', '898 330 8783', 'profile.jpg', null);
insert into users (id, first_name, last_name, email, password, address, phone, profile_img, role) values (30, 'Lizzie', 'Tertre', 'ltertret@dell.com', 'QMLsN0KnGZv', '918 Harbort Avenue', '954 270 4320', 'profile.jpg', null);
insert into users (id, first_name, last_name, email, password, address, phone, profile_img, role) values (31, 'Gerick', 'Pascho', 'gpaschou@nasa.gov', '1rYGhpoxbUnl', null, null, 'profile.jpg', null);
insert into users (id, first_name, last_name, email, password, address, phone, profile_img, role) values (32, 'Maury', 'Wesley', 'mwesleyv@blogger.com', 'mebD3uEQe', '534 Hayes Point', '425 348 3164', 'profile.jpg', null);
insert into users (id, first_name, last_name, email, password, address, phone, profile_img, role) values (33, 'Obadias', 'Boram', 'oboramw@hc360.com', 'Qr0N61bFf', '208 Pawling Parkway', '924 185 4367', 'profile.jpg', null);
insert into users (id, first_name, last_name, email, password, address, phone, profile_img, role) values (34, 'Davey', 'McAndrew', 'dmcandrewx@uiuc.edu', 'V6H2XjhpOSLW', '3 Jay Drive', '856 968 1935', 'profile.jpg', null);
insert into users (id, first_name, last_name, email, password, address, phone, profile_img, role) values (35, 'Wheeler', 'Abramski', 'wabramskiy@tuttocitta.it', 'Qazsva7jk', '89 Graedel Pass', '861 162 2524', 'profile.jpg', null);
insert into users (id, first_name, last_name, email, password, address, phone, profile_img, role) values (36, 'Aila', 'Hammill', 'ahammillz@de.vu', 'TVEcQQaOv45g', null, null, 'profile.jpg', null);
insert into users (id, first_name, last_name, email, password, address, phone, profile_img, role) values (37, 'Margery', 'Litster', 'mlitster10@dell.com', 'kAb5CeLd', '43 Hauk Trail', '918 777 3966', 'profile.jpg', null);
insert into users (id, first_name, last_name, email, password, address, phone, profile_img, role) values (38, 'Emmey', 'Holbarrow', 'eholbarrow11@yelp.com', 'D3NrT0VMn', null, null, 'profile.jpg', null);
insert into users (id, first_name, last_name, email, password, address, phone, profile_img, role) values (39, 'Josie', 'Sycamore', 'jsycamore12@arizona.edu', '8O35aS1F', null, null, 'profile.jpg', null);
insert into users (id, first_name, last_name, email, password, address, phone, profile_img, role) values (40, 'Ossie', 'Burgoyne', 'oburgoyne13@nasa.gov', 'IbYdIHw', null, null, 'profile.jpg', null);
insert into users (id, first_name, last_name, email, password, address, phone, profile_img, role) values (41, 'Addy', 'Flockhart', 'aflockhart14@admin.ch', 'xvWkakqXi', '4 Manley Hill', '595 969 8962', 'profile.jpg', null);
insert into users (id, first_name, last_name, email, password, address, phone, profile_img, role) values (42, 'Ara', 'Dulieu', 'adulieu15@usnews.com', 'JHnRBliBXOQo', '85 Tony Center', '217 449 3725', 'profile.jpg', null);
insert into users (id, first_name, last_name, email, password, address, phone, profile_img, role) values (43, 'Nananne', 'Acock', 'nacock16@reference.com', 'KvY2i2hE', '69612 Monterey Street', '523 816 1176', 'profile.jpg', null);
insert into users (id, first_name, last_name, email, password, address, phone, profile_img, role) values (44, 'Clemence', 'Porter', 'cporter17@businessinsider.com', '8Ntl4kG3iw', '7641 Clarendon Hill', '363 268 1800', 'profile.jpg', null);
insert into users (id, first_name, last_name, email, password, address, phone, profile_img, role) values (45, 'Sheelagh', 'Poon', 'spoon18@upenn.edu', 'udzpBv4oVIf', '68 Morningstar Parkway', '823 552 8515', 'profile.jpg', null);
insert into users (id, first_name, last_name, email, password, address, phone, profile_img, role) values (46, 'Kellina', 'Kimmings', 'kkimmings19@earthlink.net', 'j2YDxcZ', '56475 Hallows Court', '825 173 9193', 'profile.jpg', null);
insert into users (id, first_name, last_name, email, password, address, phone, profile_img, role) values (47, 'Wilmar', 'Exley', 'wexley1a@privacy.gov.au', 'ujKsOiYxkJ', null, null, 'profile.jpg', null);
insert into users (id, first_name, last_name, email, password, address, phone, profile_img, role) values (48, 'Mathilde', 'Tadd', 'mtadd1b@booking.com', '8DUvYJ5L0dg', '17627 Leroy Terrace', '475 854 6891', 'profile.jpg', null);
insert into users (id, first_name, last_name, email, password, address, phone, profile_img, role) values (49, 'Mile', 'Alliberton', 'malliberton1c@noaa.gov', 'sYk7SgJ36ejn', null, null, 'profile.jpg', null);
insert into users (id, first_name, last_name, email, password, address, phone, profile_img, role) values (50, 'Selina', 'Klebes', 'sklebes1d@taobao.com', 'zo6Kwb06yNu', null, null, 'profile.jpg', null);
insert into users (id, first_name, last_name, email, password, address, phone, profile_img, role) values (51, 'Abelard', 'Wrankling', 'awrankling1e@flavors.me', 'jmOTXTO2p', '474 Coleman Pass', '504 729 5858', 'profile.jpg', null);
insert into users (id, first_name, last_name, email, password, address, phone, profile_img, role) values (52, 'Haleigh', 'Fausset', 'hfausset1f@exblog.jp', 'QCnWUbHCK', '9 Main Trail', '830 910 8857', 'profile.jpg', null);
insert into users (id, first_name, last_name, email, password, address, phone, profile_img, role) values (53, 'Silvano', 'Stollwerk', 'sstollwerk1g@shop-pro.jp', 'ewlCb1pH', '88907 Lakeland Alley', '904 247 3743', 'profile.jpg', null);
insert into users (id, first_name, last_name, email, password, address, phone, profile_img, role) values (54, 'Yoshi', 'Crier', 'ycrier1h@java.com', 'CEDazcb', '4703 Village Place', '989 642 5062', 'profile.jpg', null);
insert into users (id, first_name, last_name, email, password, address, phone, profile_img, role) values (55, 'Fletcher', 'Howard', 'fhoward1i@deviantart.com', 'o7o849YY1', null, null, 'profile.jpg', null);
insert into users (id, first_name, last_name, email, password, address, phone, profile_img, role) values (56, 'Kale', 'Melvin', 'kmelvin1j@usnews.com', '9DFmyh66DC', '97 Calypso Parkway', '204 391 1818', 'profile.jpg', null);
insert into users (id, first_name, last_name, email, password, address, phone, profile_img, role) values (57, 'Sapphire', 'Brake', 'sbrake1k@yale.edu', 'DDkjzilFf3zk', '5685 Sundown Hill', '767 688 8333', 'profile.jpg', null);
insert into users (id, first_name, last_name, email, password, address, phone, profile_img, role) values (58, 'Kimble', 'Larmet', 'klarmet1l@slideshare.net', '73HLwbl', null, null, 'profile.jpg', null);
insert into users (id, first_name, last_name, email, password, address, phone, profile_img, role) values (59, 'Kaitlynn', 'Fletcher', 'kfletcher1m@cbc.ca', '56KM4RcT', null, null, 'profile.jpg', null);
insert into users (id, first_name, last_name, email, password, address, phone, profile_img, role) values (60, 'Gwyneth', 'Lesley', 'glesley1n@smh.com.au', 'fihXgM5Hd0r', null, null, 'profile.jpg', null);
insert into users (id, first_name, last_name, email, password, address, phone, profile_img, role) values (61, 'Goldina', 'Pankettman', 'gpankettman1o@webmd.com', 'AYyzJQPPoQgJ', null, null, 'profile.jpg', null);
insert into users (id, first_name, last_name, email, password, address, phone, profile_img, role) values (62, 'Dionisio', 'Giacomuzzo', 'dgiacomuzzo1p@mac.com', 'SYfXKBHsI', '41915 Summer Ridge Trail', '432 277 0149', 'profile.jpg', null);
insert into users (id, first_name, last_name, email, password, address, phone, profile_img, role) values (63, 'Gretta', 'Stiller', 'gstiller1q@friendfeed.com', 'YvF5Qhoc', '06 Reindahl Court', '734 413 4881', 'profile.jpg', null);
insert into users (id, first_name, last_name, email, password, address, phone, profile_img, role) values (64, 'Charley', 'Mantram', 'cmantram1r@theglobeandmail.com', 'RQOR78LgNjuX', '0870 Delladonna Pass', '441 528 1024', 'profile.jpg', null);
insert into users (id, first_name, last_name, email, password, address, phone, profile_img, role) values (65, 'Carlotta', 'Duerden', 'cduerden1s@aol.com', 'mTJEgJVSA', '257 Hintze Parkway', '343 541 4428', 'profile.jpg', null);
insert into users (id, first_name, last_name, email, password, address, phone, profile_img, role) values (66, 'Maurise', 'Yurocjkin', 'myurocjkin1t@zdnet.com', 'Wh4iUOqxCoD', '164 Canary Circle', '427 967 1891', 'profile.jpg', null);
insert into users (id, first_name, last_name, email, password, address, phone, profile_img, role) values (67, 'Annabal', 'O''Curran', 'aocurran1u@cpanel.net', 'UDXd4zq', '31705 Stuart Parkway', '379 182 5664', 'profile.jpg', null);
insert into users (id, first_name, last_name, email, password, address, phone, profile_img, role) values (68, 'Ilka', 'Huffer', 'ihuffer1v@si.edu', 'Gzqj2Vv', null, null, 'profile.jpg', null);
insert into users (id, first_name, last_name, email, password, address, phone, profile_img, role) values (69, 'Lenette', 'Whiting', 'lwhiting1w@ebay.co.uk', 'pNHAuv65Lsi', null, null, 'profile.jpg', null);
insert into users (id, first_name, last_name, email, password, address, phone, profile_img, role) values (70, 'Finlay', 'Rymer', 'frymer1x@illinois.edu', 'CTahBktuEgyG', '13 Nobel Crossing', '139 552 9867', 'profile.jpg', null);
insert into users (id, first_name, last_name, email, password, address, phone, profile_img, role) values (71, 'Keven', 'Piggens', 'kpiggens1y@weebly.com', 'MnJmdLV', '3744 Mccormick Crossing', '559 999 4350', 'profile.jpg', null);
insert into users (id, first_name, last_name, email, password, address, phone, profile_img, role) values (72, 'Briggs', 'Creedland', 'bcreedland1z@wired.com', 'FspP1eXJ', null, null, 'profile.jpg', null);
insert into users (id, first_name, last_name, email, password, address, phone, profile_img, role) values (73, 'Suki', 'Cagan', 'scagan20@indiegogo.com', 'lFSwif', null, null, 'profile.jpg', null);
insert into users (id, first_name, last_name, email, password, address, phone, profile_img, role) values (74, 'Cecelia', 'Soff', 'csoff21@furl.net', 'sd1gTg', null, null, 'profile.jpg', null);
insert into users (id, first_name, last_name, email, password, address, phone, profile_img, role) values (75, 'Geralda', 'Jedrych', 'gjedrych22@huffingtonpost.com', 'JbYnII', null, null, 'profile.jpg', null);
insert into users (id, first_name, last_name, email, password, address, phone, profile_img, role) values (76, 'Chryste', 'Kopta', 'ckopta23@chronoengine.com', 'MOBw65Wb', '6 Independence Court', '337 771 3732', 'profile.jpg', null);
insert into users (id, first_name, last_name, email, password, address, phone, profile_img, role) values (77, 'Annie', 'Lambricht', 'alambricht24@samsung.com', 'ceT4vnUjeIx', null, null, 'profile.jpg', null);
insert into users (id, first_name, last_name, email, password, address, phone, profile_img, role) values (78, 'Diane', 'Vakhrushin', 'dvakhrushin25@toplist.cz', 'vF7hjtxp40', null, null, 'profile.jpg', null);
insert into users (id, first_name, last_name, email, password, address, phone, profile_img, role) values (79, 'Ali', 'Middlemiss', 'amiddlemiss26@skype.com', 'pjATFx', '351 Hanson Junction', '610 400 9670', 'profile.jpg', null);
insert into users (id, first_name, last_name, email, password, address, phone, profile_img, role) values (80, 'Berty', 'Snalum', 'bsnalum27@sciencedaily.com', '5VSEonw48', null, null, 'profile.jpg', null);
insert into users (id, first_name, last_name, email, password, address, phone, profile_img, role) values (81, 'Kelbee', 'Ferryn', 'kferryn28@newyorker.com', 'mr8RUkBuxU', null, null, 'profile.jpg', null);
insert into users (id, first_name, last_name, email, password, address, phone, profile_img, role) values (82, 'Meris', 'Oty', 'moty29@examiner.com', 'a7LOfpdJrWp', null, null, 'profile.jpg', null);
insert into users (id, first_name, last_name, email, password, address, phone, profile_img, role) values (83, 'Lona', 'Mullineux', 'lmullineux2a@yahoo.com', '66ieNY', '934 Anderson Court', '352 930 0288', 'profile.jpg', null);
insert into users (id, first_name, last_name, email, password, address, phone, profile_img, role) values (84, 'Griffie', 'Sonner', 'gsonner2b@trellian.com', 'psiAlmH8FAY', '0 Heath Point', '105 546 3545', 'profile.jpg', null);
insert into users (id, first_name, last_name, email, password, address, phone, profile_img, role) values (85, 'Yovonnda', 'Mc Comb', 'ymccomb2c@washingtonpost.com', '8UgQLaDQzN', null, null, 'profile.jpg', null);
insert into users (id, first_name, last_name, email, password, address, phone, profile_img, role) values (86, 'Janina', 'Hartas', 'jhartas2d@washingtonpost.com', 'pA4seG', '86930 Buell Lane', '204 674 8218', 'profile.jpg', null);
insert into users (id, first_name, last_name, email, password, address, phone, profile_img, role) values (87, 'Pippy', 'Cortnay', 'pcortnay2e@stumbleupon.com', '47uu8eyHJ', null, null, 'profile.jpg', null);
insert into users (id, first_name, last_name, email, password, address, phone, profile_img, role) values (88, 'Simone', 'McMurty', 'smcmurty2f@phoca.cz', 'q2ntriHF', null, null, 'profile.jpg', null);
insert into users (id, first_name, last_name, email, password, address, phone, profile_img, role) values (89, 'Kenton', 'Crosthwaite', 'kcrosthwaite2g@cbslocal.com', 'idOjyQQn', null, null, 'profile.jpg', null);
insert into users (id, first_name, last_name, email, password, address, phone, profile_img, role) values (90, 'Lucretia', 'Aulsford', 'laulsford2h@ameblo.jp', 'oNdGWO', null, null, 'profile.jpg', null);
insert into users (id, first_name, last_name, email, password, address, phone, profile_img, role) values (91, 'Rebeca', 'Melbert', 'rmelbert2i@addthis.com', '3piwbdRM', '85 Coolidge Alley', '873 930 9872', 'profile.jpg', null);
insert into users (id, first_name, last_name, email, password, address, phone, profile_img, role) values (92, 'Philipa', 'Becker', 'pbecker2j@multiply.com', 'clw4lQlf4', '231 Sundown Lane', '360 979 4434', 'profile.jpg', null);
insert into users (id, first_name, last_name, email, password, address, phone, profile_img, role) values (93, 'Dean', 'Gulc', 'dgulc2k@multiply.com', '3erL3MMTiA27', '76 Di Loreto Way', '959 863 6709', 'profile.jpg', null);
insert into users (id, first_name, last_name, email, password, address, phone, profile_img, role) values (94, 'Maurice', 'Di Ruggiero', 'mdiruggiero2l@chron.com', 'f8RME8auquT', null, null, 'profile.jpg', null);
insert into users (id, first_name, last_name, email, password, address, phone, profile_img, role) values (95, 'Sonny', 'Zuenelli', 'szuenelli2m@zimbio.com', 'E8KEudKRyTU', null, null, 'profile.jpg', null);
insert into users (id, first_name, last_name, email, password, address, phone, profile_img, role) values (96, 'Ronda', 'Dillicate', 'rdillicate2n@fastcompany.com', 'nKHPlpG', '9 Kensington Parkway', '249 761 2953', 'profile.jpg', null);
insert into users (id, first_name, last_name, email, password, address, phone, profile_img, role) values (97, 'Sutton', 'Varvara', 'svarvara2o@discovery.com', 'iSVZL3kjxw', '317 Comanche Center', '908 604 4285', 'profile.jpg', null);
insert into users (id, first_name, last_name, email, password, address, phone, profile_img, role) values (98, 'Waly', 'Vaggers', 'wvaggers2p@phpbb.com', '5Cw7sWX', null, null, 'profile.jpg', null);
insert into users (id, first_name, last_name, email, password, address, phone, profile_img, role) values (99, 'Obadias', 'Clemendet', 'oclemendet2q@altervista.org', 'aXosRRg', '4536 Summerview Center', '928 740 2408', 'profile.jpg', null);
insert into users (id, first_name, last_name, email, password, address, phone, profile_img, role) values (100, 'Skipper', 'Verity', 'sverity2r@apache.org', 'ZCcoHY225TZ', null, null, 'profile.jpg', null);


/*Categories Data*/
insert into categories (id, name, image_cover, image_home) values (1, 'Plafón', 'cover-plafon.jpg', 'home-plafon.png');
insert into categories (id, name, image_cover, image_home) values (2, 'Apliques', 'cover-aplique.jpg', 'home-aplique.jpg');
insert into categories (id, name, image_cover, image_home) values (3, 'Pie', 'cover-pie.jpg', 'home-pie.jpg');
insert into categories (id, name, image_cover, image_home) values (4, 'Colgantes', 'cover-colgantes.jpg', 'home-colgantes.jpg');
insert into categories (id, name, image_cover, image_home) values (5, 'Spots', 'cover-spots.jpg', 'home-spots.jpg');
insert into categories (id, name, image_cover, image_home) values (6, 'Lineales', 'cover-sistemas.jpg', 'home-sistemas.jpg');
insert into categories (id, name, image_cover, image_home) values (7, 'Mesa', 'cover-mesa.jpg', 'home-mesa.jpg');
insert into categories (id, name, image_cover, image_home) values (8, 'Exterior', 'cover-exterior.jpg', 'home-exterior.jpg');
insert into categories (id, name, image_cover, image_home) values (9, 'Downlights', 'cover-exterior.jpg', 'home-exterior.jpg');

/*products data */

INSERT INTO products (id,name,quantity,price,description,category_id) VALUES (209,'Eclipse  ',100,8500,'La iluminación del arte en museos y salas de exposiciones, así como la de proyectos en el sector del retail de lujo, requieren herramientas de iluminación de gama alta. Eclipse ofrece una tecnología innovadora, el máximo confort visual y un amplio sistema que proporciona una flexibilidad sin igual para soluciones de iluminación personalizadas. ',5);
INSERT INTO products (id,name,quantity,price,description,category_id) VALUES (210,'Parscan',100,7500,'Luz en lugar de luces: la sencilla forma básica cilíndrica de Parscan obedece a esta idea directriz. La luminotecnia precisa y flexible permite implementar eficientemente diversas soluciones de iluminación. \r\nSi se orienta el proyector hacia abajo como si se tratara de un Downlight, el brazo de soporte se integra perfectamente en la forma global.',5);
INSERT INTO products (id,name,quantity,price,description,category_id) VALUES (211,'Optec',50,5000,'Todo es posible con Optec. Con sus diversas distribuciones luminosas, Optec satisface todos los requisitos de la iluminación en tiendas, galerías y museos: acentuaciones contrastadas, bañado de objetos expuestos, iluminación uniforme de paredes o conos de luz de contornos nítidos para crear efectos de iluminación expresivos. Gracias a su luminotecnia innovadora, Optec aúna eficiencia y confort visual',5);
INSERT INTO products (id,name,quantity,price,description,category_id) VALUES (212,'Opton',75,4500,'Gracias a su altura constructiva sumamente reducida y a su elevada potencia luminosa, Opton es ideal para escaparates o locales de venta.\r\nEl cabezal de fundición de aluminio garantiza una larga duración gracias a su gestión térmica perfeccionada.\r\nEn combinación con una luminotecnia eficiente, Opton ofrece unas condiciones ideales en cuanto a eficiencia energética, y alcanza un grado máximo de rentabilidad.',5);
INSERT INTO products (id,name,quantity,price,description,category_id) VALUES (213,'Light Board',60,7000,'Light Board se caracteriza por su diseño llamativo. El cuerpo plano integra el equipo auxiliar y, gracias a su gestión térmica perfeccionada, garantiza una larga duración. En virtud de su luminotecnia innovadora y de su facilidad de ajuste, Light Board convence incluso en tareas exigentes en locales comerciales y museos. ',5);
INSERT INTO products (id,name,quantity,price,description,category_id) VALUES (214,'Logotec',55,4500,'Los contrastes de luminosidad dirigen la mirada del cliente y realzan el atractivo de los distintos productos en las tiendas. Este es el dominio de Logotec. Es aquí donde convencen su diseño de sistema y su eficiencia energética.\r\nEste proyector montado de forma flexible en raíles electrificados acentúa eficientemente ropa, joyas o alimentos',5);
INSERT INTO products (id,name,quantity,price,description,category_id) VALUES (215,'Oseris',30,6500,'Con Oseris hace su entrada en el mundo de la iluminación digital una genial idea de diseño: la articulación giratoria, que se integra perfectamente como sección oblicua en el cabezal hemisférico. Una solución que no solo es estéticamente atractiva, sino que además permite una orientación sumamente precisa y ofrece un valor añadido en situaciones con poca libertad de movimiento, por ejemplo en canales de techo.',5);
INSERT INTO products (id,name,quantity,price,description,category_id) VALUES (216,'Pollux',65,5000,'Pollux fue desarrollado para el uso versátil. Gracias a su formato compacto, despliega sus virtudes especialmente en museos, en el comercio minorista, en la restauración o en el entorno doméstico privado.',5);
INSERT INTO products (id,name,quantity,price,description,category_id) VALUES (217,'Stella',10,15000,'Herramientas potentes, eficientes y precisas para la iluminación de acento\r\nEs una ley física: la iluminancia disminuye de forma proporcional al cuadrado de la distancia entre la fuente de luz y la superficie iluminada. Por tanto, se necesitan luminarias potentes para grandes distancias de iluminación y espacios con techos altos: por ejemplo, para la escenificación de vehículos en un pabellón ferial, para grandes esculturas en el vestíbulo de un museo o para el bañado de paredes uniforme en un aeropuerto',5);
INSERT INTO products (id,name,quantity,price,description,category_id) VALUES (218,'Skim Downlight',35,4500,'Rentabilidad, eficiencia y confort luminoso para los entornos laborales dinámicos actuales Las luminarias Skim para raíles electrificados, con su doble óptica de lentes en un cuerpo plano de fundición de aluminio, no solo poseen un diseño extraordinario, sino que al mismo tiempo definen una categoría de herramientas de iluminación: aúna la flexibilidad de los proyectores para el raíl electrificado con el confort visual, la eficiencia y la simplicidad de los downlights',5);
INSERT INTO products (id,name,quantity,price,description,category_id) VALUES (219,'Jilly para riel',25,5000,'Iluminación de puestos de trabajo de oficina altamente eficiente y conforme a la normativa, con el raíl electrificado como base flexible.\r\nLas luminarias Jilly para raíles electrificados se encargan de la iluminación eficiente de puestos de trabajo conforme a la normativa y son idóneas para el entorno laboral moderno y dinámico, en el que las distribuciones de oficinas cambian y se reorganizan continuamente. El cuerpo especialmente plano y una llamativa rejilla de lamas marcan su elegante estética ',5);
INSERT INTO products (id,name,quantity,price,description,category_id) VALUES (220,'Compar para Riel',30,4500,'La combinación de raíles electrificados como infraestructura y luminarias Compar permite iluminar la arquitectura de oficinas y los puestos de trabajo de manera diferenciada, ergonómica y al mismo tiempo extremadamente flexible. Se utiliza la luminotecnia de la amplia familia Compar también en su versión de downlights para railes electrificados. Con su cuerpo plano, también están indicados para espacios con una escasa altura del techo',5);
INSERT INTO products (id,name,quantity,price,description,category_id) VALUES (221,'Palco ',40,3000,'Luminaria de interiores orientable y con adaptador para instalación sobre raíl de tensión de red.\r\nLuminaria realizada en aluminio fundido a presión.\r\nLa doble orientabilidad de la luminaria permite una rotación de 360° alrededor del eje vertical y una inclinación de 90° respecto al plano horizontal.\r\nBloqueos mecánicos del direccionamiento tanto para la rotación alrededor del eje vertical como respecto al plano horizontal.',5);
INSERT INTO products (id,name,quantity,price,description,category_id) VALUES (222,'Le Perroquet',70,12000,'Cuerpo óptico en aluminio fundición a presión y material termoplástico. Elevado confort visual.',5);
INSERT INTO products (id,name,quantity,price,description,category_id) VALUES (223,'Tesis',40,15000,'Un arquetipo innovador en la iluminación de espacios exteriores Tesis, desde hace tiempo un elemento integral del programa de exteriores, ha alcanzado un nuevo nivel de rendimiento fruto de un desarrollo intensivo. La luminotecnia convence con un grado máximo de brillo y eficiencia. Ya sea en la variante redonda o cuadrada, el nuevo diseño del cuerpo, sensiblemente más plano gracias a la tecnología LED, posibilita un montaje sumamente cómodo',8);
INSERT INTO products (id,name,quantity,price,description,category_id) VALUES (224,'Site Bañador',20,20000,'Bañadores de pared de luz rasante para acentuar texturas\r\nen muros y fachadas Site acentúa la textura de los materiales de la arquitectura: el bañador de pared de luz tenue hace claramente visibles incluso las texturas más sutiles de la madera, el hormigón o los ladrillos y de superficies rugosas como piedra natural, lo que hace posible la acentuación\r\nexpresiva de elementos históricos o materiales regionales.',8);
INSERT INTO products (id,name,quantity,price,description,category_id) VALUES (225,'Tesis Cuadrado',20,18000,'Un arquetipo innovador en la iluminación de espacios exteriores Tesis, desde hace tiempo un elemento integral del programa de exteriores, ha alcanzado un nuevo nivel de rendimiento fruto de un desarrollo intensivo. La luminotecnia convence con un grado máximo de brillo y eficiencia. Ya sea en la variante redonda o cuadrada, el nuevo diseño del cuerpo, sensiblemente más plano gracias a la tecnología LED, posibilita un montaje sumamente cómodo ',8);
INSERT INTO products (id,name,quantity,price,description,category_id) VALUES (226,'Midipoll baliza',25,10000,'La suave luz rasante sobre el marcado perfil en forma de cruz convierte a Midipoll en un elemento estructurador del espacio Con Midipoll se presenta una baliza que responde al concepto del confort visual eficiente. La innovadora luminotecnia con una lente prismática especial proyecta eficazmente el flujo luminoso sobre la superficie de destino, sin deslumbramiento, para cumplir los requisitos Dark Sky. De este modo, el cielo nocturno permanece oscuro y las estrellas visibles.',8);
INSERT INTO products (id,name,quantity,price,description,category_id) VALUES (227,'Castor baliza',20,18000,'La baliza Castor crea en espacios exteriores un vínculo visual entre trayectos y plazas: dos distribuciones luminosas y tres tamaños permiten un diseño de iluminación diferenciado empleando una sola familia de luminarias. Por medio de una lente anular, un innovador sistema óptico genera alternativamente una distribución luminosa con un ángulo de irradiación de 180° dirigida hacia un lado para la iluminación de trayectos o una distribución luminosa de 360° para superficies libres',8);




/*files Data*/
INSERT INTO files (id,name,type,product_id) VALUES (417,'dataSheet-1627258734095.pdf','dataSheet',209);
INSERT INTO files (id,name,type,product_id) VALUES (418,'installSheet-1627258734105.pdf','installSheet',209);
INSERT INTO files (id,name,type,product_id) VALUES (419,'dataSheet-1627259404782.pdf','dataSheet',210);
INSERT INTO files (id,name,type,product_id) VALUES (420,'installSheet-1627259404789.pdf','installSheet',210);
INSERT INTO files (id,name,type,product_id) VALUES (421,'dataSheet-1627259852902.pdf','dataSheet',211);
INSERT INTO files (id,name,type,product_id) VALUES (422,'installSheet-1627259852910.pdf','installSheet',211);
INSERT INTO files (id,name,type,product_id) VALUES (423,'dataSheet-1627261291562.pdf','dataSheet',212);
INSERT INTO files (id,name,type,product_id) VALUES (424,'installSheet-1627261291572.pdf','installSheet',212);
INSERT INTO files (id,name,type,product_id) VALUES (425,'dataSheet-1627261739011.pdf','dataSheet',213);
INSERT INTO files (id,name,type,product_id) VALUES (426,'installSheet-1627261739034.pdf','installSheet',213);
INSERT INTO files (id,name,type,product_id) VALUES (427,'dataSheet-1627262346253.pdf','dataSheet',214);
INSERT INTO files (id,name,type,product_id) VALUES (428,'installSheet-1627262346260.pdf','installSheet',214);
INSERT INTO files (id,name,type,product_id) VALUES (429,'dataSheet-1627263618165.pdf','dataSheet',215);
INSERT INTO files (id,name,type,product_id) VALUES (430,'installSheet-1627263618179.pdf','installSheet',215);
INSERT INTO files (id,name,type,product_id) VALUES (431,'dataSheet-1627264584482.pdf','dataSheet',216);
INSERT INTO files (id,name,type,product_id) VALUES (432,'installSheet-1627264584498.pdf','installSheet',216);
INSERT INTO files (id,name,type,product_id) VALUES (433,'dataSheet-1627265294870.pdf','dataSheet',217);
INSERT INTO files (id,name,type,product_id) VALUES (434,'installSheet-1627265294877.pdf','installSheet',217);
INSERT INTO files (id,name,type,product_id) VALUES (435,'dataSheet-1627265637408.pdf','dataSheet',218);
INSERT INTO files (id,name,type,product_id) VALUES (436,'installSheet-1627265637415.pdf','installSheet',218);
INSERT INTO files (id,name,type,product_id) VALUES (437,'dataSheet-1627266245167.pdf','dataSheet',219);
INSERT INTO files (id,name,type,product_id) VALUES (438,'installSheet-1627266245174.pdf','installSheet',219);
INSERT INTO files (id,name,type,product_id) VALUES (439,'dataSheet-1627266693206.pdf','dataSheet',220);
INSERT INTO files (id,name,type,product_id) VALUES (440,'installSheet-1627266693212.pdf','installSheet',220);
INSERT INTO files (id,name,type,product_id) VALUES (441,'dataSheet-1627267293631.pdf','dataSheet',221);
INSERT INTO files (id,name,type,product_id) VALUES (442,'installSheet-1627267293648.pdf','installSheet',221);
INSERT INTO files (id,name,type,product_id) VALUES (443,'dataSheet-1627268726039.pdf','dataSheet',222);
INSERT INTO files (id,name,type,product_id) VALUES (444,'installSheet-1627268726043.pdf','installSheet',222);
INSERT INTO files (id,name,type,product_id) VALUES (445,'dataSheet-1627336731370.pdf','dataSheet',223);
INSERT INTO files (id,name,type,product_id) VALUES (446,'installSheet-1627336731376.pdf','installSheet',223);
INSERT INTO files (id,name,type,product_id) VALUES (447,'dataSheet-1627337421582.pdf','dataSheet',224);
INSERT INTO files (id,name,type,product_id) VALUES (448,'installSheet-1627337421597.pdf','installSheet',224);
INSERT INTO files (id,name,type,product_id) VALUES (449,'dataSheet-1627337947273.pdf','dataSheet',225);
INSERT INTO files (id,name,type,product_id) VALUES (450,'installSheet-1627337947288.pdf','installSheet',225);
INSERT INTO files (id,name,type,product_id) VALUES (451,'installSheet-1627338316733.pdf','installSheet',226);
INSERT INTO files (id,name,type,product_id) VALUES (452,'dataSheet-1627338316725.pdf','dataSheet',226);
INSERT INTO files (id,name,type,product_id) VALUES (453,'dataSheet-1627338782790.pdf','dataSheet',227);
INSERT INTO files (id,name,type,product_id) VALUES (454,'installSheet-1627338782796.pdf','installSheet',227);


/*images data*/

INSERT INTO images (id,name,type,product_id) VALUES (417,'dataSheet-1627258734095.pdf','dataSheet',209);
INSERT INTO images (id,name,type,product_id) VALUES (418,'installSheet-1627258734105.pdf','installSheet',209);
INSERT INTO images (id,name,type,product_id) VALUES (419,'dataSheet-1627259404782.pdf','dataSheet',210);
INSERT INTO images (id,name,type,product_id) VALUES (420,'installSheet-1627259404789.pdf','installSheet',210);
INSERT INTO images (id,name,type,product_id) VALUES (421,'dataSheet-1627259852902.pdf','dataSheet',211);
INSERT INTO images (id,name,type,product_id) VALUES (422,'installSheet-1627259852910.pdf','installSheet',211);
INSERT INTO images (id,name,type,product_id) VALUES (423,'dataSheet-1627261291562.pdf','dataSheet',212);
INSERT INTO images (id,name,type,product_id) VALUES (424,'installSheet-1627261291572.pdf','installSheet',212);
INSERT INTO images (id,name,type,product_id) VALUES (425,'dataSheet-1627261739011.pdf','dataSheet',213);
INSERT INTO images (id,name,type,product_id) VALUES (426,'installSheet-1627261739034.pdf','installSheet',213);
INSERT INTO images (id,name,type,product_id) VALUES (427,'dataSheet-1627262346253.pdf','dataSheet',214);
INSERT INTO images (id,name,type,product_id) VALUES (428,'installSheet-1627262346260.pdf','installSheet',214);
INSERT INTO images (id,name,type,product_id) VALUES (429,'dataSheet-1627263618165.pdf','dataSheet',215);
INSERT INTO images (id,name,type,product_id) VALUES (430,'installSheet-1627263618179.pdf','installSheet',215);
INSERT INTO images (id,name,type,product_id) VALUES (431,'dataSheet-1627264584482.pdf','dataSheet',216);
INSERT INTO images (id,name,type,product_id) VALUES (432,'installSheet-1627264584498.pdf','installSheet',216);
INSERT INTO images (id,name,type,product_id) VALUES (433,'dataSheet-1627265294870.pdf','dataSheet',217);
INSERT INTO images (id,name,type,product_id) VALUES (434,'installSheet-1627265294877.pdf','installSheet',217);
INSERT INTO images (id,name,type,product_id) VALUES (435,'dataSheet-1627265637408.pdf','dataSheet',218);
INSERT INTO images (id,name,type,product_id) VALUES (436,'installSheet-1627265637415.pdf','installSheet',218);
INSERT INTO images (id,name,type,product_id) VALUES (437,'dataSheet-1627266245167.pdf','dataSheet',219);
INSERT INTO images (id,name,type,product_id) VALUES (438,'installSheet-1627266245174.pdf','installSheet',219);
INSERT INTO images (id,name,type,product_id) VALUES (439,'dataSheet-1627266693206.pdf','dataSheet',220);
INSERT INTO images (id,name,type,product_id) VALUES (440,'installSheet-1627266693212.pdf','installSheet',220);
INSERT INTO images (id,name,type,product_id) VALUES (441,'dataSheet-1627267293631.pdf','dataSheet',221);
INSERT INTO images (id,name,type,product_id) VALUES (442,'installSheet-1627267293648.pdf','installSheet',221);
INSERT INTO images (id,name,type,product_id) VALUES (443,'dataSheet-1627268726039.pdf','dataSheet',222);
INSERT INTO images (id,name,type,product_id) VALUES (444,'installSheet-1627268726043.pdf','installSheet',222);
INSERT INTO images (id,name,type,product_id) VALUES (445,'dataSheet-1627336731370.pdf','dataSheet',223);
INSERT INTO images (id,name,type,product_id) VALUES (446,'installSheet-1627336731376.pdf','installSheet',223);
INSERT INTO images (id,name,type,product_id) VALUES (447,'dataSheet-1627337421582.pdf','dataSheet',224);
INSERT INTO images (id,name,type,product_id) VALUES (448,'installSheet-1627337421597.pdf','installSheet',224);
INSERT INTO images (id,name,type,product_id) VALUES (449,'dataSheet-1627337947273.pdf','dataSheet',225);
INSERT INTO images (id,name,type,product_id) VALUES (450,'installSheet-1627337947288.pdf','installSheet',225);
INSERT INTO images (id,name,type,product_id) VALUES (451,'installSheet-1627338316733.pdf','installSheet',226);
INSERT INTO images (id,name,type,product_id) VALUES (452,'dataSheet-1627338316725.pdf','dataSheet',226);
INSERT INTO images (id,name,type,product_id) VALUES (453,'dataSheet-1627338782790.pdf','dataSheet',227);
INSERT INTO images (id,name,type,product_id) VALUES (454,'installSheet-1627338782796.pdf','installSheet',227);



/*product_feature data*/

INSERT INTO product_feature (id,product_id,feature_id) VALUES (5000,209,9);
INSERT INTO product_feature (id,product_id,feature_id) VALUES (5001,209,5);
INSERT INTO product_feature (id,product_id,feature_id) VALUES (5002,209,6);
INSERT INTO product_feature (id,product_id,feature_id) VALUES (5003,209,7);
INSERT INTO product_feature (id,product_id,feature_id) VALUES (5004,209,8);
INSERT INTO product_feature (id,product_id,feature_id) VALUES (5005,209,117);
INSERT INTO product_feature (id,product_id,feature_id) VALUES (5006,209,1);
INSERT INTO product_feature (id,product_id,feature_id) VALUES (5007,209,2);
INSERT INTO product_feature (id,product_id,feature_id) VALUES (5008,209,3);
INSERT INTO product_feature (id,product_id,feature_id) VALUES (5009,209,4);
INSERT INTO product_feature (id,product_id,feature_id) VALUES (5010,209,13);
INSERT INTO product_feature (id,product_id,feature_id) VALUES (5011,209,14);
INSERT INTO product_feature (id,product_id,feature_id) VALUES (5012,209,15);
INSERT INTO product_feature (id,product_id,feature_id) VALUES (5013,209,16);
INSERT INTO product_feature (id,product_id,feature_id) VALUES (5014,209,28);
INSERT INTO product_feature (id,product_id,feature_id) VALUES (5015,209,34);
INSERT INTO product_feature (id,product_id,feature_id) VALUES (5016,209,40);
INSERT INTO product_feature (id,product_id,feature_id) VALUES (5017,210,9);
INSERT INTO product_feature (id,product_id,feature_id) VALUES (5018,210,1);
INSERT INTO product_feature (id,product_id,feature_id) VALUES (5019,210,2);
INSERT INTO product_feature (id,product_id,feature_id) VALUES (5020,210,3);
INSERT INTO product_feature (id,product_id,feature_id) VALUES (5021,210,4);
INSERT INTO product_feature (id,product_id,feature_id) VALUES (5022,210,117);
INSERT INTO product_feature (id,product_id,feature_id) VALUES (5023,210,13);
INSERT INTO product_feature (id,product_id,feature_id) VALUES (5024,210,14);
INSERT INTO product_feature (id,product_id,feature_id) VALUES (5025,210,15);
INSERT INTO product_feature (id,product_id,feature_id) VALUES (5026,210,6);
INSERT INTO product_feature (id,product_id,feature_id) VALUES (5027,210,7);
INSERT INTO product_feature (id,product_id,feature_id) VALUES (5028,210,8);
INSERT INTO product_feature (id,product_id,feature_id) VALUES (5029,210,22);
INSERT INTO product_feature (id,product_id,feature_id) VALUES (5030,210,28);
INSERT INTO product_feature (id,product_id,feature_id) VALUES (5031,210,40);
INSERT INTO product_feature (id,product_id,feature_id) VALUES (5032,210,64);
INSERT INTO product_feature (id,product_id,feature_id) VALUES (5033,211,9);
INSERT INTO product_feature (id,product_id,feature_id) VALUES (5034,211,2);
INSERT INTO product_feature (id,product_id,feature_id) VALUES (5035,211,4);
INSERT INTO product_feature (id,product_id,feature_id) VALUES (5036,211,117);
INSERT INTO product_feature (id,product_id,feature_id) VALUES (5037,211,13);
INSERT INTO product_feature (id,product_id,feature_id) VALUES (5038,211,14);
INSERT INTO product_feature (id,product_id,feature_id) VALUES (5039,211,15);
INSERT INTO product_feature (id,product_id,feature_id) VALUES (5040,211,16);
INSERT INTO product_feature (id,product_id,feature_id) VALUES (5041,211,5);
INSERT INTO product_feature (id,product_id,feature_id) VALUES (5042,211,7);
INSERT INTO product_feature (id,product_id,feature_id) VALUES (5043,211,22);
INSERT INTO product_feature (id,product_id,feature_id) VALUES (5044,211,28);
INSERT INTO product_feature (id,product_id,feature_id) VALUES (5045,211,35);
INSERT INTO product_feature (id,product_id,feature_id) VALUES (5046,211,40);
INSERT INTO product_feature (id,product_id,feature_id) VALUES (5047,212,9);
INSERT INTO product_feature (id,product_id,feature_id) VALUES (5048,212,1);
INSERT INTO product_feature (id,product_id,feature_id) VALUES (5049,212,2);
INSERT INTO product_feature (id,product_id,feature_id) VALUES (5050,212,4);
INSERT INTO product_feature (id,product_id,feature_id) VALUES (5051,212,117);
INSERT INTO product_feature (id,product_id,feature_id) VALUES (5052,212,13);
INSERT INTO product_feature (id,product_id,feature_id) VALUES (5053,212,14);
INSERT INTO product_feature (id,product_id,feature_id) VALUES (5054,212,5);
INSERT INTO product_feature (id,product_id,feature_id) VALUES (5055,212,6);
INSERT INTO product_feature (id,product_id,feature_id) VALUES (5056,212,7);
INSERT INTO product_feature (id,product_id,feature_id) VALUES (5057,212,28);
INSERT INTO product_feature (id,product_id,feature_id) VALUES (5058,212,35);
INSERT INTO product_feature (id,product_id,feature_id) VALUES (5059,213,9);
INSERT INTO product_feature (id,product_id,feature_id) VALUES (5060,213,1);
INSERT INTO product_feature (id,product_id,feature_id) VALUES (5061,213,2);
INSERT INTO product_feature (id,product_id,feature_id) VALUES (5062,213,3);
INSERT INTO product_feature (id,product_id,feature_id) VALUES (5063,213,4);
INSERT INTO product_feature (id,product_id,feature_id) VALUES (5064,213,117);
INSERT INTO product_feature (id,product_id,feature_id) VALUES (5065,213,13);
INSERT INTO product_feature (id,product_id,feature_id) VALUES (5066,213,14);
INSERT INTO product_feature (id,product_id,feature_id) VALUES (5067,213,15);
INSERT INTO product_feature (id,product_id,feature_id) VALUES (5068,213,16);
INSERT INTO product_feature (id,product_id,feature_id) VALUES (5069,213,6);
INSERT INTO product_feature (id,product_id,feature_id) VALUES (5070,213,7);
INSERT INTO product_feature (id,product_id,feature_id) VALUES (5071,213,8);
INSERT INTO product_feature (id,product_id,feature_id) VALUES (5072,213,28);
INSERT INTO product_feature (id,product_id,feature_id) VALUES (5073,213,40);
INSERT INTO product_feature (id,product_id,feature_id) VALUES (5074,213,64);
INSERT INTO product_feature (id,product_id,feature_id) VALUES (5075,214,9);
INSERT INTO product_feature (id,product_id,feature_id) VALUES (5076,214,1);
INSERT INTO product_feature (id,product_id,feature_id) VALUES (5077,214,2);
INSERT INTO product_feature (id,product_id,feature_id) VALUES (5078,214,3);
INSERT INTO product_feature (id,product_id,feature_id) VALUES (5079,214,4);
INSERT INTO product_feature (id,product_id,feature_id) VALUES (5080,214,117);
INSERT INTO product_feature (id,product_id,feature_id) VALUES (5081,214,13);
INSERT INTO product_feature (id,product_id,feature_id) VALUES (5082,214,15);
INSERT INTO product_feature (id,product_id,feature_id) VALUES (5083,214,5);
INSERT INTO product_feature (id,product_id,feature_id) VALUES (5084,214,6);
INSERT INTO product_feature (id,product_id,feature_id) VALUES (5085,214,7);
INSERT INTO product_feature (id,product_id,feature_id) VALUES (5086,214,28);
INSERT INTO product_feature (id,product_id,feature_id) VALUES (5087,214,40);
INSERT INTO product_feature (id,product_id,feature_id) VALUES (5088,215,9);
INSERT INTO product_feature (id,product_id,feature_id) VALUES (5089,215,1);
INSERT INTO product_feature (id,product_id,feature_id) VALUES (5090,215,2);
INSERT INTO product_feature (id,product_id,feature_id) VALUES (5091,215,4);
INSERT INTO product_feature (id,product_id,feature_id) VALUES (5092,215,117);
INSERT INTO product_feature (id,product_id,feature_id) VALUES (5093,215,13);
INSERT INTO product_feature (id,product_id,feature_id) VALUES (5094,215,14);
INSERT INTO product_feature (id,product_id,feature_id) VALUES (5095,215,15);
INSERT INTO product_feature (id,product_id,feature_id) VALUES (5096,215,5);
INSERT INTO product_feature (id,product_id,feature_id) VALUES (5097,215,7);
INSERT INTO product_feature (id,product_id,feature_id) VALUES (5098,215,28);
INSERT INTO product_feature (id,product_id,feature_id) VALUES (5099,215,35);
INSERT INTO product_feature (id,product_id,feature_id) VALUES (5100,216,9);
INSERT INTO product_feature (id,product_id,feature_id) VALUES (5101,216,2);
INSERT INTO product_feature (id,product_id,feature_id) VALUES (5102,216,4);
INSERT INTO product_feature (id,product_id,feature_id) VALUES (5103,216,117);
INSERT INTO product_feature (id,product_id,feature_id) VALUES (5104,216,13);
INSERT INTO product_feature (id,product_id,feature_id) VALUES (5105,216,14);
INSERT INTO product_feature (id,product_id,feature_id) VALUES (5106,216,15);
INSERT INTO product_feature (id,product_id,feature_id) VALUES (5107,216,16);
INSERT INTO product_feature (id,product_id,feature_id) VALUES (5108,216,5);
INSERT INTO product_feature (id,product_id,feature_id) VALUES (5109,216,6);
INSERT INTO product_feature (id,product_id,feature_id) VALUES (5110,216,7);
INSERT INTO product_feature (id,product_id,feature_id) VALUES (5111,216,8);
INSERT INTO product_feature (id,product_id,feature_id) VALUES (5112,216,22);
INSERT INTO product_feature (id,product_id,feature_id) VALUES (5113,216,28);
INSERT INTO product_feature (id,product_id,feature_id) VALUES (5114,217,9);
INSERT INTO product_feature (id,product_id,feature_id) VALUES (5115,217,2);
INSERT INTO product_feature (id,product_id,feature_id) VALUES (5116,217,4);
INSERT INTO product_feature (id,product_id,feature_id) VALUES (5117,217,117);
INSERT INTO product_feature (id,product_id,feature_id) VALUES (5118,217,13);
INSERT INTO product_feature (id,product_id,feature_id) VALUES (5119,217,14);
INSERT INTO product_feature (id,product_id,feature_id) VALUES (5120,217,15);
INSERT INTO product_feature (id,product_id,feature_id) VALUES (5121,217,16);
INSERT INTO product_feature (id,product_id,feature_id) VALUES (5122,217,5);
INSERT INTO product_feature (id,product_id,feature_id) VALUES (5123,217,7);
INSERT INTO product_feature (id,product_id,feature_id) VALUES (5124,217,52);
INSERT INTO product_feature (id,product_id,feature_id) VALUES (5125,217,73);
INSERT INTO product_feature (id,product_id,feature_id) VALUES (5126,217,90);
INSERT INTO product_feature (id,product_id,feature_id) VALUES (5127,218,9);
INSERT INTO product_feature (id,product_id,feature_id) VALUES (5128,218,1);
INSERT INTO product_feature (id,product_id,feature_id) VALUES (5129,218,2);
INSERT INTO product_feature (id,product_id,feature_id) VALUES (5130,218,3);
INSERT INTO product_feature (id,product_id,feature_id) VALUES (5131,218,4);
INSERT INTO product_feature (id,product_id,feature_id) VALUES (5132,218,117);
INSERT INTO product_feature (id,product_id,feature_id) VALUES (5133,218,15);
INSERT INTO product_feature (id,product_id,feature_id) VALUES (5134,218,16);
INSERT INTO product_feature (id,product_id,feature_id) VALUES (5135,218,5);
INSERT INTO product_feature (id,product_id,feature_id) VALUES (5136,218,7);
INSERT INTO product_feature (id,product_id,feature_id) VALUES (5137,218,8);
INSERT INTO product_feature (id,product_id,feature_id) VALUES (5138,218,28);
INSERT INTO product_feature (id,product_id,feature_id) VALUES (5139,218,35);
INSERT INTO product_feature (id,product_id,feature_id) VALUES (5140,219,9);
INSERT INTO product_feature (id,product_id,feature_id) VALUES (5141,219,2);
INSERT INTO product_feature (id,product_id,feature_id) VALUES (5142,219,3);
INSERT INTO product_feature (id,product_id,feature_id) VALUES (5143,219,4);
INSERT INTO product_feature (id,product_id,feature_id) VALUES (5144,219,117);
INSERT INTO product_feature (id,product_id,feature_id) VALUES (5145,219,15);
INSERT INTO product_feature (id,product_id,feature_id) VALUES (5146,219,16);
INSERT INTO product_feature (id,product_id,feature_id) VALUES (5147,219,5);
INSERT INTO product_feature (id,product_id,feature_id) VALUES (5148,219,7);
INSERT INTO product_feature (id,product_id,feature_id) VALUES (5149,219,8);
INSERT INTO product_feature (id,product_id,feature_id) VALUES (5150,219,31);
INSERT INTO product_feature (id,product_id,feature_id) VALUES (5151,220,9);
INSERT INTO product_feature (id,product_id,feature_id) VALUES (5152,220,2);
INSERT INTO product_feature (id,product_id,feature_id) VALUES (5153,220,4);
INSERT INTO product_feature (id,product_id,feature_id) VALUES (5154,220,117);
INSERT INTO product_feature (id,product_id,feature_id) VALUES (5155,220,15);
INSERT INTO product_feature (id,product_id,feature_id) VALUES (5156,220,16);
INSERT INTO product_feature (id,product_id,feature_id) VALUES (5157,220,5);
INSERT INTO product_feature (id,product_id,feature_id) VALUES (5158,220,7);
INSERT INTO product_feature (id,product_id,feature_id) VALUES (5159,220,8);
INSERT INTO product_feature (id,product_id,feature_id) VALUES (5160,220,28);
INSERT INTO product_feature (id,product_id,feature_id) VALUES (5161,220,35);
INSERT INTO product_feature (id,product_id,feature_id) VALUES (5173,221,9);
INSERT INTO product_feature (id,product_id,feature_id) VALUES (5174,221,5);
INSERT INTO product_feature (id,product_id,feature_id) VALUES (5175,221,6);
INSERT INTO product_feature (id,product_id,feature_id) VALUES (5176,221,7);
INSERT INTO product_feature (id,product_id,feature_id) VALUES (5177,221,117);
INSERT INTO product_feature (id,product_id,feature_id) VALUES (5178,221,2);
INSERT INTO product_feature (id,product_id,feature_id) VALUES (5179,221,4);
INSERT INTO product_feature (id,product_id,feature_id) VALUES (5180,221,13);
INSERT INTO product_feature (id,product_id,feature_id) VALUES (5181,221,14);
INSERT INTO product_feature (id,product_id,feature_id) VALUES (5182,221,15);
INSERT INTO product_feature (id,product_id,feature_id) VALUES (5183,221,42);
INSERT INTO product_feature (id,product_id,feature_id) VALUES (5184,222,9);
INSERT INTO product_feature (id,product_id,feature_id) VALUES (5185,222,2);
INSERT INTO product_feature (id,product_id,feature_id) VALUES (5186,222,4);
INSERT INTO product_feature (id,product_id,feature_id) VALUES (5187,222,117);
INSERT INTO product_feature (id,product_id,feature_id) VALUES (5188,222,14);
INSERT INTO product_feature (id,product_id,feature_id) VALUES (5189,222,15);
INSERT INTO product_feature (id,product_id,feature_id) VALUES (5190,222,6);
INSERT INTO product_feature (id,product_id,feature_id) VALUES (5191,222,7);
INSERT INTO product_feature (id,product_id,feature_id) VALUES (5192,222,41);
INSERT INTO product_feature (id,product_id,feature_id) VALUES (5193,222,45);
INSERT INTO product_feature (id,product_id,feature_id) VALUES (5194,223,9);
INSERT INTO product_feature (id,product_id,feature_id) VALUES (5195,223,2);
INSERT INTO product_feature (id,product_id,feature_id) VALUES (5196,223,4);
INSERT INTO product_feature (id,product_id,feature_id) VALUES (5197,223,117);
INSERT INTO product_feature (id,product_id,feature_id) VALUES (5198,223,13);
INSERT INTO product_feature (id,product_id,feature_id) VALUES (5199,223,14);
INSERT INTO product_feature (id,product_id,feature_id) VALUES (5200,223,15);
INSERT INTO product_feature (id,product_id,feature_id) VALUES (5201,223,5);
INSERT INTO product_feature (id,product_id,feature_id) VALUES (5202,223,7);
INSERT INTO product_feature (id,product_id,feature_id) VALUES (5203,223,22);
INSERT INTO product_feature (id,product_id,feature_id) VALUES (5204,223,28);
INSERT INTO product_feature (id,product_id,feature_id) VALUES (5205,223,34);
INSERT INTO product_feature (id,product_id,feature_id) VALUES (5206,224,9);
INSERT INTO product_feature (id,product_id,feature_id) VALUES (5207,224,2);
INSERT INTO product_feature (id,product_id,feature_id) VALUES (5208,224,4);
INSERT INTO product_feature (id,product_id,feature_id) VALUES (5209,224,117);
INSERT INTO product_feature (id,product_id,feature_id) VALUES (5210,224,16);
INSERT INTO product_feature (id,product_id,feature_id) VALUES (5211,224,5);
INSERT INTO product_feature (id,product_id,feature_id) VALUES (5212,224,6);
INSERT INTO product_feature (id,product_id,feature_id) VALUES (5213,224,7);
INSERT INTO product_feature (id,product_id,feature_id) VALUES (5214,224,40);
INSERT INTO product_feature (id,product_id,feature_id) VALUES (5215,225,9);
INSERT INTO product_feature (id,product_id,feature_id) VALUES (5216,225,2);
INSERT INTO product_feature (id,product_id,feature_id) VALUES (5217,225,4);
INSERT INTO product_feature (id,product_id,feature_id) VALUES (5218,225,117);
INSERT INTO product_feature (id,product_id,feature_id) VALUES (5219,225,13);
INSERT INTO product_feature (id,product_id,feature_id) VALUES (5220,225,16);
INSERT INTO product_feature (id,product_id,feature_id) VALUES (5221,225,5);
INSERT INTO product_feature (id,product_id,feature_id) VALUES (5222,225,7);
INSERT INTO product_feature (id,product_id,feature_id) VALUES (5223,225,22);
INSERT INTO product_feature (id,product_id,feature_id) VALUES (5224,225,28);
INSERT INTO product_feature (id,product_id,feature_id) VALUES (5225,225,34);
INSERT INTO product_feature (id,product_id,feature_id) VALUES (5226,225,40);
INSERT INTO product_feature (id,product_id,feature_id) VALUES (5227,226,9);
INSERT INTO product_feature (id,product_id,feature_id) VALUES (5228,226,2);
INSERT INTO product_feature (id,product_id,feature_id) VALUES (5229,226,4);
INSERT INTO product_feature (id,product_id,feature_id) VALUES (5230,226,117);
INSERT INTO product_feature (id,product_id,feature_id) VALUES (5231,226,15);
INSERT INTO product_feature (id,product_id,feature_id) VALUES (5232,226,5);
INSERT INTO product_feature (id,product_id,feature_id) VALUES (5233,226,24);
INSERT INTO product_feature (id,product_id,feature_id) VALUES (5234,226,32);
INSERT INTO product_feature (id,product_id,feature_id) VALUES (5235,226,40);
INSERT INTO product_feature (id,product_id,feature_id) VALUES (5236,227,9);
INSERT INTO product_feature (id,product_id,feature_id) VALUES (5237,227,2);
INSERT INTO product_feature (id,product_id,feature_id) VALUES (5238,227,4);
INSERT INTO product_feature (id,product_id,feature_id) VALUES (5239,227,117);
INSERT INTO product_feature (id,product_id,feature_id) VALUES (5240,227,15);
INSERT INTO product_feature (id,product_id,feature_id) VALUES (5241,227,5);
INSERT INTO product_feature (id,product_id,feature_id) VALUES (5242,227,7);
INSERT INTO product_feature (id,product_id,feature_id) VALUES (5243,227,24);
INSERT INTO product_feature (id,product_id,feature_id) VALUES (5244,227,32);



